1,87,4556.537435897436,2,6,4558.375384615385,0,39,290997041153,38,1,0,38,5108.361109916492
1,90,4736.393846153846,2,9,4738.231794871795,0,42,302487264769,41,2,0,41,5288.235326162486
1,94,4976.377435897436,2,13,4978.4779487179485,0,46,317816272385,45,3,0,45,5528.133596473107
1,97,5156.233846153847,2,16,5158.334358974359,0,49,329316702721,48,4,0,48,5708.080339105068
1,100,5336.090256410256,2,19,5338.453333333333,0,52,340806212609,51,5,0,51,5887.927860123072
1,104,5575.811282051282,2,23,5578.174358974359,0,56,356134507521,55,6,0,55,6127.836279156024
1,107,5755.667692307692,2,26,5757.243076923077,0,59,367634766337,58,7,0,58,6307.784739943284
0,62,8941.095384615384,2,29,8885.16923076923,1,111,567648225793,110,8,1,110,6490.03865642841
1,114,6175.507692307692,2,33,6177.345641025641,0,66,394454041601,65,9,0,65,6727.524012169471
1,117,6355.364102564103,2,36,6357.202051282051,0,69,405948957185,68,10,0,68,6907.5026760473
1,121,4720.64,0,72,4718.276923076923,2,40,297943220225,39,11,2,39,7091.630532664764
1,122,6654.949743589744,2,41,6657.050256410256,0,74,425107817473,73,12,0,73,7207.25074198405
4,74,9660.783589743589,2,41,9605.12,1,123,613618430977,122,13,1,122,7209.451042903021
1,123,4840.631794871795,4,74,4838.2687179487175,2,42,305607534081,41,14,2,41,7211.564083064152
1,123,6715.076923076923,2,42,6717.177435897436,0,75,428939718657,74,15,0,74,7267.250719150642
0,75,9720.648205128206,2,42,9664.984615384616,1,124,617449371649,123,16,1,123,7269.406465469751
1,124,4900.49641025641,0,75,4898.3958974358975,2,43,309440722433,42,17,2,42,7271.549263759515
1,124,6774.941538461539,2,43,6777.042051282051,0,76,432773575169,75,18,0,75,7327.209053970729
0,76,9780.775384615385,2,43,9725.111794871795,1,125,621280384001,124,19,1,124,7329.392625622872
1,125,4960.361025641026,0,76,4958.260512820513,2,44,313273633793,43,20,2,43,7331.528074481671
1,125,6834.806153846153,2,44,6837.169230769231,0,77,436604770817,76,21,0,76,7387.178197913537
0,77,9840.64,2,44,9784.97641025641,1,126,625113360385,125,22,1,125,7389.391798549555
1,126,5020.488205128205,0,77,5018.125128205128,2,45,317106138113,44,23,2,44,7391.574978215144
1,126,6894.933333333333,2,45,6897.033846153846,0,78,440436657153,77,24,0,77,7447.149674040965
0,78,9900.76717948718,2,45,9845.10358974359,1,127,628947168257,126,25,1,126,7449.353303582607
1,127,5080.3528205128205,0,78,5078.252307692308,2,46,320942993409,45,26,2,45,7451.641088710688
1,127,6954.797948717949,2,46,6957.161025641026,0,79,444268692481,78,27,0,78,7507.183617600661
0,79,9960.631794871795,2,46,9905.23076923077,1,128,632778569217,127,28,1,127,7509.321683208759
1,128,5140.48,0,79,5138.116923076923,2,47,324781075969,46,29,2,46,7511.540332453801
1,128,7014.925128205128,2,47,7017.025641025641,0,80,448104719361,79,30,0,79,7567.153306837815
0,80,10020.758974358974,2,47,9965.095384615384,1,129,636610409473,128,31,1,128,7569.275888390174
1,129,5200.344615384615,0,80,5198.244102564103,2,48,328608496129,47,32,2,47,7571.527372608673
1,129,7074.789743589744,2,48,7077.152820512821,0,81,451936640513,80,33,0,80,7627.086513718826
0,81,10080.623589743589,2,48,10024.96,1,130,640441344001,129,34,1,129,7629.237008635692
1,130,5260.209230769231,0,81,5258.108717948718,2,49,332441526273,48,35,2,48,7631.514733573717
1,130,7134.654358974359,2,49,7137.0174358974355,0,82,455766230529,81,36,0,81,7687.004055347931
0,82,10140.488205128206,2,49,10085.08717948718,1,131,644272720385,130,37,1,130,7689.202992976262
1,131,5320.33641025641,0,82,5317.973333333333,2,50,336274576897,49,38,2,49,7691.479923158303
1,131,7194.781538461539,2,50,7197.1446153846155,0,83,459594819585,82,39,0,82,7746.97332809057
0,83,10200.615384615385,2,50,10144.951794871795,1,132,648104407553,131,40,1,131,7749.063864965195
1,132,5380.201025641026,0,83,5378.100512820512,2,51,340106210817,50,41,2,50,7751.5343751878
1,132,7254.6461538461535,2,51,7257.009230769231,0,84,463426714113,83,42,0,83,7806.942576794746
0,84,10260.48,2,51,10205.078974358974,1,133,651929378305,132,43,1,132,7809.026916472606
1,133,5440.065641025641,0,84,5437.965128205128,2,52,343943548417,51,44,2,51,7811.5465763815855
1,133,7314.510769230769,2,52,7317.13641025641,0,85,467258607105,84,45,0,84,7866.91475030361
0,85,10320.344615384616,2,52,10264.94358974359,1,134,655760878081,133,46,1,133,7868.983565892929
1,134,5499.930256410256,0,85,5498.092307692307,2,53,347778186241,52,47,2,52,7871.504194132486
1,134,7374.637948717948,2,53,7377.001025641026,0,86,471090686977,85,48,0,85,7926.890505605844
0,86,10380.471794871795,2,53,10325.07076923077,1,135,659591968769,134,49,1,134,7928.9402073317315
1,135,5560.057435897436,0,86,5557.956923076923,2,54,351609336321,53,50,2,53,7931.482797475962
1,135,7434.502564102564,2,54,7437.128205128205,0,87,474922995713,86,51,0,86,7986.880780170147
0,87,10440.33641025641,2,54,10384.935384615384,1,136,663423058945,135,52,1,135,7988.882481814654
1,136,5619.922051282051,0,87,5617.821538461539,2,55,355441827329,54,53,2,54,7991.473219917493
1,136,7494.36717948718,2,55,7496.992820512821,0,88,478756232193,87,54,0,87,8046.8444924535515
0,88,10500.46358974359,2,55,10445.062564102564,1,137,667253231105,136,55,1,136,8048.833546486879
1,137,5679.786666666667,0,88,5677.948717948718,2,56,359275073537,55,56,2,55,8051.48249625964
1,137,7554.494358974359,2,56,7557.12,0,89,482587771393,88,57,0,88,8106.818405104416
0,89,10560.328205128206,2,56,10504.92717948718,1,138,671083964929,137,58,1,137,8108.798385025416
1,138,5739.913846153846,0,89,5737.8133333333335,2,57,363109524481,56,59,2,56,8111.4349304512225
1,138,7614.358974358975,2,57,7616.984615384616,0,90,486419962369,89,60,0,89,8166.768319138747
0,90,10620.19282051282,2,57,10565.05435897436,1,139,674915578881,138,61,1,138,8168.738928942558
1,139,5799.778461538462,0,90,5797.940512820513,2,58,366940343297,57,62,2,57,8171.42560138409
1,139,7674.223589743589,2,58,7676.84923076923,0,91,490250619905,90,63,0,90,8226.823666350538
0,91,10680.32,2,58,10624.918974358974,1,140,678745640449,139,64,1,139,8229.702227971004
1,140,5860.693333333334,0,91,5857.805128205128,2,59,370773605377,58,65,2,58,8231.50472607735
1,140,7735.138461538461,2,59,7736.97641025641,0,92,494088014337,91,66,0,91,8286.779301851711
0,92,10740.184615384615,2,59,10685.046153846153,1,141,682641053697,140,67,1,140,8289.6362895007
1,141,5920.820512820513,0,92,5917.932307692307,2,60,374612519425,59,68,2,59,8291.50323384603
1,141,7795.265641025641,2,60,7797.1035897435895,0,93,497919037441,92,69,0,92,8346.665610695862
0,93,10800.311794871795,2,60,10744.91076923077,1,142,686470701057,141,70,1,141,8348.588381238107
1,142,5979.634871794872,0,93,5977.796923076923,2,61,378446282241,60,71,2,60,8351.424474002153
1,142,7854.08,2,61,7856.968205128205,0,94,501745630721,93,72,0,93,8406.634066960261
0,94,10860.17641025641,2,61,10805.037948717949,1,143,690237602817,142,73,1,142,8408.543075890175
1,143,6039.499487179487,0,94,6037.661538461539,2,62,382275107841,61,74,2,61,8411.44920784192
1,143,7914.20717948718,2,62,7917.095384615384,0,95,505577473025,94,75,0,94,8466.606289109452
0,95,10920.041025641025,2,62,10864.902564102564,1,144,694068568577,143,76,1,143,8469.497272542318
1,144,6100.676923076923,0,95,6097.788717948718,2,63,386110546433,62,77,2,62,8471.399606980543
1,144,7975.122051282051,2,63,7976.96,0,96,509409555969,95,78,0,95,8526.59551483937
0,96,10980.168205128206,2,63,10925.029743589743,1,145,697963400193,144,79,1,144,8529.45231191782
1,145,6160.541538461538,0,96,6157.653333333334,2,64,389941235201,63,80,2,63,8531.374348973983
1,145,8034.986666666667,2,64,8036.824615384616,0,97,513242725377,96,81,0,96,8586.558771018004
0,97,11040.03282051282,2,64,10984.89435897436,1,146,701794387969,145,82,1,145,8589.407607719226
1,146,6220.406153846154,0,97,6217.5179487179485,2,65,393773479425,64,83,2,64,8591.361623300407
1,146,8094.851282051282,4,65,8096.951794871795,0,98,517074235393,97,84,0,97,8646.539078525642
0,98,11100.16,4,65,11044.758974358974,1,147,705625392129,146,85,1,146,8649.38319204477
1,147,6280.533333333334,0,98,6277.6451282051285,2,66,397606524417,65,86,2,65,8650.43955508501
1,147,8154.9784615384615,2,66,8156.028717948718,0,99,520906834945,98,87,0,98,8706.509017631335
0,99,11160.024615384615,2,66,11103.835897435898,1,148,709457692673,147,88,1,147,8708.369642866084
1,148,6339.347692307692,0,99,6337.509743589743,2,67,401381464577,66,89,2,66,8710.45253472744
1,148,8213.792820512821,2,67,8215.893333333333,0,100,524738771969,99,90,0,99,8766.461785340922
0,100,11219.889230769231,2,67,11163.963076923077,1,149,713226789889,148,91,1,148,8769.368142747146
1,149,6400.525128205129,0,100,6397.636923076923,2,68,405216152065,67,92,2,67,8770.346323367387
1,149,8274.970256410257,2,68,8275.757948717948,0,101,528569611777,100,93,0,100,8826.488431161735
0,101,11280.01641025641,2,68,11223.827692307692,1,150,717124452353,149,94,1,149,8829.310009249173
1,150,6460.389743589743,0,101,6457.501538461538,2,69,409043223553,68,95,2,68,8830.34360614483
1,150,8334.834871794872,2,69,8335.885128205127,0,102,532405172225,101,96,0,101,8886.47199999687
0,102,11339.881025641025,2,69,11283.954871794871,1,151,720954598401,150,97,1,150,8889.276931903547
1,151,6520.254358974359,0,102,6517.628717948718,2,70,412876908033,69,98,2,69,8891.320487530047
1,151,8394.699487179487,2,70,8396.8,0,103,536237980161,102,99,0,102,8946.357700633514
0,103,11400.008205128204,2,70,11344.869743589743,1,152,724786345473,151,100,1,151,8949.232764767377
1,152,6580.381538461538,0,103,6577.493333333333,2,71,416773186561,70,101,2,70,8950.309982252853
1,152,8454.826666666666,2,71,8455.876923076923,0,104,540064534529,103,102,0,103,9006.324939637794
0,104,11459.87282051282,2,71,11403.946666666667,1,153,728617383937,152,103,1,152,9009.196330034305
1,153,6640.246153846154,0,104,6637.357948717949,2,72,420542475777,71,104,2,71,9010.387409292369
1,153,8514.691282051283,2,72,8516.004102564102,0,105,543896299009,104,105,0,104,9066.297026429787
0,105,11519.737435897436,2,72,11463.811282051282,1,154,732448916481,153,106,1,153,9069.078669683993
1,154,6700.11076923077,0,105,6697.485128205129,2,73,424381281281,72,107,2,72,9070.381029991739
1,154,8574.555897435897,2,73,8575.868717948719,0,106,547728373249,105,108,0,105,9126.263304052107
0,106,11579.864615384615,2,73,11523.938461538462,1,155,736275258881,154,109,1,154,9129.018244691506
1,155,6759.975384615384,0,106,6757.349743589743,2,74,428214731777,73,110,2,73,9130.315067983774
1,155,8634.683076923076,2,74,8635.733333333334,0,107,551560076289,106,111,0,106,9186.246881479117
0,107,11639.729230769231,2,74,11583.803076923077,1,156,740105258497,155,112,1,155,9188.983476719
1,156,6820.102564102564,0,107,6817.214358974359,2,75,432044375041,74,113,2,74,9190.308569163786
1,156,8694.547692307693,2,75,8695.860512820513,0,108,555392884737,107,114,0,107,9246.233087001703
0,108,11699.85641025641,2,75,11643.930256410256,1,157,743936897537,156,115,1,156,9248.935327570987
1,157,6879.967179487179,0,108,6877.341538461538,2,76,435877817857,75,116,2,75,9250.294466004983
1,157,8754.412307692308,2,76,8755.725128205127,0,109,559225861121,108,117,0,108,9306.197281447192
0,109,11759.721025641025,2,76,11703.794871794871,1,158,747767681537,157,118,1,157,9308.899678391677
1,158,6940.094358974359,0,109,6937.206153846154,2,77,439710774785,76,119,2,76,9310.25940960224
1,158,8814.539487179487,2,77,8815.852307692308,0,110,563057431041,109,120,0,109,9366.164801338393
0,110,11819.58564102564,2,77,11763.659487179488,1,159,751599264257,158,121,1,158,9368.834205823066
1,159,6999.958974358974,0,110,6997.333333333333,2,78,443542392833,77,122,2,77,9370.251508523012
1,159,8874.404102564102,2,78,8875.716923076923,0,111,566889213441,110,123,0,110,9426.116632205278
0,111,11879.712820512821,2,78,11823.786666666667,1,160,755428941313,159,124,1,159,9428.800463554187
1,160,7059.82358974359,0,111,7057.197948717949,2,79,447375746049,78,125,2,78,9430.343487376678
1,160,8934.268717948718,2,79,8935.844102564102,0,112,570719993345,111,126,0,111,9486.20697253105
0,112,11939.84,2,79,11883.913846153846,1,161,759260645889,160,127,1,160,9488.753732816254
1,161,7119.6882051282055,0,112,7117.325128205128,2,80,451215481345,79,128,2,79,9490.340137642102
1,161,8994.395897435897,2,80,8995.971282051281,0,113,574559623681,112,129,0,112,9546.156167179986
0,113,11999.704615384615,2,80,11943.77846153846,1,162,763091520513,161,130,1,161,9548.696946270284
1,162,7179.815384615385,0,113,7177.189743589744,2,81,455049125377,80,131,2,80,9550.257172945461
1,162,9054.260512820512,2,81,9055.835897435898,0,114,578390235137,113,132,0,113,9606.032501330254
0,114,12059.569230769232,2,81,12003.905641025642,1,163,766921752577,162,133,1,162,9608.635864289114
1,163,7239.68,0,114,7237.054358974359,2,82,458877682177,81,134,2,81,9610.23622733874
1,163,9114.125128205129,2,82,9115.700512820513,0,115,582216190977,114,135,0,114,9665.987809902093
0,115,12119.433846153846,2,82,12063.770256410256,1,164,770751710209,163,136,1,163,9668.588652938452
1,164,7299.544615384615,0,115,7297.181538461538,2,83,462710201857,82,137,2,82,9670.231403605143
1,164,9174.252307692308,2,83,9175.827692307692,0,116,586047193089,115,138,0,115,9725.954352432644
0,116,12179.561025641025,2,83,12123.634871794871,1,165,774582554113,164,139,1,164,9728.543116189026
1,165,7359.671794871795,0,116,7357.046153846154,2,84,466543751681,83,140,2,83,9730.202821890023
1,165,9234.116923076923,2,84,9235.692307692309,0,117,589878913025,116,141,0,116,9785.923106611204
0,117,12239.42564102564,2,84,12183.76205128205,1,166,778413505025,165,142,1,165,9788.497555495043
1,166,7419.53641025641,0,117,7416.910769230769,2,85,470375783425,84,143,2,84,9790.195562431141
1,166,9293.981538461538,2,85,9295.819487179488,0,118,593710774273,117,144,0,117,9845.912301479242
0,118,12299.552820512821,2,85,12243.626666666667,1,167,782244454401,166,145,1,166,9848.452187186998
1,167,7479.401025641026,0,118,7477.037948717949,2,86,474209177601,85,146,2,85,9850.260762923805
1,167,9354.108717948719,2,86,9355.684102564102,0,119,597543941633,118,147,0,118,9905.87240987142
0,119,12359.417435897436,2,86,12303.753846153846,1,168,786075416065,167,148,1,167,9908.407620333157
1,168,7539.528205128205,0,119,7536.902564102564,2,87,478047201793,86,149,2,86,9910.208295100285
1,168,9413.973333333333,2,87,9415.811282051282,0,120,601375250433,119,150,0,119,9965.878720437075
0,120,12419.28205128205,2,87,12363.61846153846,1,169,789906428929,168,151,1,168,9968.364447350134
1,169,7599.39282051282,0,120,7597.029743589744,2,88,481877707265,87,152,2,87,9970.19119603866
1,169,9473.837948717948,2,88,9475.675897435898,0,121,605209511425,120,153,0,120,10025.833484450119
0,121,12479.40923076923,2,88,12423.745641025642,1,170,793737530881,169,154,1,169,10028.364095067733
1,170,7659.52,0,121,7656.894358974359,2,89,485710472705,88,155,2,88,10030.190146969526
1,170,9533.965128205129,2,89,9535.803076923077,0,122,609040478721,121,156,0,121,10085.853769327801
0,122,12539.273846153847,2,89,12483.610256410257,1,171,797571368961,170,157,1,170,10088.356483576848
1,171,7719.384615384615,0,122,7717.0215384615385,2,90,489544263681,89,158,2,89,10090.152879779522
1,171,9593.829743589744,2,90,9595.667692307692,0,123,612875632641,122,159,0,122,10145.821794652693
0,123,12599.401025641026,2,90,12543.737435897436,1,172,801404743169,171,160,1,171,10148.297918059521
1,172,7779.249230769231,0,123,7776.886153846154,2,91,493375740417,90,161,2,90,10150.144819398538
1,172,9653.956923076923,2,91,9655.794871794871,0,124,616707447297,123,162,0,123,10205.752576466097
0,124,12659.26564102564,2,91,12603.60205128205,1,173,805234861569,172,163,1,172,10208.265202151568
1,173,7839.37641025641,0,124,7836.750769230769,2,92,497209083393,91,164,2,91,10210.206654913487
1,173,9713.821538461538,2,92,9715.659487179488,0,125,620536882177,124,165,0,124,10265.678214158277
0,125,12719.130256410257,2,92,12663.729230769231,1,174,809066631681,173,166,1,173,10268.218151417266
1,174,7899.241025641026,0,125,7896.615384615385,2,93,501046892545,92,167,2,92,10270.210998472558
1,174,9773.686153846154,2,93,9775.786666666667,0,126,624365988353,125,168,0,125,10325.644068337464
0,126,12779.257435897436,2,93,12723.85641025641,1,175,812897485825,174,169,1,174,10328.183993686773
1,175,7959.368205128205,0,126,7956.742564102564,2,94,504881028097,93,170,2,93,10330.14212119078
1,175,9833.813333333334,2,94,9835.651282051282,0,127,628197664257,126,171,0,126,10385.613424072264
0,127,12839.122051282051,2,94,12783.721025641025,1,176,816729163777,175,172,1,175,10388.079426770331
1,176,8019.232820512821,0,127,8016.60717948718,2,95,508710484993,94,173,2,94,10390.130936185396
1,176,9893.677948717948,2,95,9895.77846153846,0,128,632029563905,127,174,0,127,10445.603036279925
0,128,12899.24923076923,2,95,12843.58564102564,1,177,820556342785,176,175,1,176,10448.01902680226
1,177,8079.097435897436,0,128,8076.734358974359,2,96,512543628289,95,176,2,95,10450.116674319535
1,177,9953.542564102565,2,96,9955.643076923077,0,129,635862757889,128,177,0,128,10505.580108470429
0,129,12959.113846153847,2,96,12903.712820512821,1,178,824386343937,177,178,1,177,10507.986351114909
1,178,8138.962051282051,0,129,8136.598974358974,2,97,516376574977,96,179,2,96,10510.09548130133
1,178,10013.40717948718,2,97,10015.507692307692,0,130,639695150593,129,180,0,129,10565.531780270307
0,130,13018.978461538461,2,97,12963.577435897436,1,179,828218116609,178,181,1,178,10567.92805063101
1,179,8199.08923076923,0,130,8196.726153846153,2,98,520209078785,97,182,2,97,10570.08710095528
1,179,10073.534358974359,2,98,10075.634871794871,0,131,643525920257,130,183,0,130,10625.520374912361
0,131,13079.10564102564,2,98,13023.704615384615,1,180,832048251905,179,184,1,179,10627.89661710299
1,180,8258.953846153847,0,131,8256.59076923077,2,99,524042401281,98,185,2,98,10630.151797547951
1,180,10133.398974358974,2,99,10135.76205128205,0,132,647359049217,131,186,0,131,10685.478016247871
0,132,13138.970256410257,2,99,13083.569230769232,1,181,835880103937,180,187,1,180,10687.83394955366
1,181,8318.818461538462,0,132,8316.455384615385,2,100,527880393217,99,188,2,99,10690.16440276317
1,181,10193.26358974359,2,100,10195.626666666667,0,133,651190200321,132,189,0,132,10745.522228080554
0,133,13199.097435897436,2,100,13143.69641025641,1,182,839709960193,181,190,1,181,10747.79016841008
1,182,8378.94564102564,0,133,8376.582564102564,2,101,531715056641,100,191,2,100,10750.09370674329
1,182,10253.39076923077,2,101,10255.753846153846,0,134,655026883073,133,192,0,133,10805.480694799178
0,134,13258.962051282051,2,101,13203.561025641025,1,183,843541023233,182,193,1,182,10807.754023453152
1,183,8438.810256410256,0,134,8436.447179487179,2,102,535544397313,101,194,2,101,10810.07255411784
1,183,10313.255384615384,2,102,10315.61846153846,0,135,658858086913,134,195,0,134,10865.398432319838
0,135,13318.826666666666,2,102,13263.688205128205,1,184,847372574209,183,196,1,183,10867.704016285432
1,184,8498.674871794872,0,135,8496.57435897436,2,103,539376903681,102,197,2,102,10870.04609727126
1,184,10373.12,2,103,10375.483076923078,0,136,662686688257,135,198,0,135,10925.334399210613
0,136,13378.953846153847,2,103,13323.552820512821,1,185,851203239425,184,199,1,184,10927.635099064755
1,185,8558.802051282051,0,136,8556.438974358975,2,104,543209071105,103,200,2,103,10930.03793353741
1,185,10433.24717948718,2,104,10435.610256410257,0,137,666516454401,136,201,0,136,10985.303491117036
0,137,13438.818461538462,2,104,13383.68,1,186,855032696321,185,202,1,185,10987.589194601987
1,186,8618.666666666666,0,137,8616.30358974359,2,105,547042407425,104,203,2,104,10990.144353293395
1,186,10493.111794871795,2,105,10495.737435897436,0,138,670348337153,137,204,0,137,11045.279834579076
0,138,13498.683076923076,2,105,13443.544615384615,1,187,858863623681,186,205,1,186,11047.54337846805
1,187,8678.531282051283,0,138,8676.430769230768,2,106,550883065345,105,206,2,105,11050.143569539388
1,187,10552.97641025641,2,106,10555.60205128205,0,139,674180683265,138,207,0,138,11105.248782426883
0,139,13558.810256410256,2,106,13503.671794871794,1,188,862694556673,187,208,1,187,11107.498579821466
1,188,8738.658461538462,0,139,8736.295384615385,2,107,554716873217,106,209,2,106,11110.037104867788
1,188,10613.10358974359,2,107,10615.466666666667,0,140,678012556801,139,210,0,139,11165.264653195114
0,140,13618.674871794872,2,107,13563.53641025641,1,189,866525554689,188,211,1,188,11167.456946317234
1,189,8798.523076923077,0,140,8796.422564102564,2,108,558543928321,107,212,2,107,11170.036553532525
1,189,10672.968205128205,2,108,10675.593846153846,0,141,681847428609,140,213,0,140,11225.202303044247
0,141,13678.802051282051,2,108,13623.66358974359,1,190,870356754945,189,214,1,189,11227.421474844126
1,190,8858.387692307691,0,141,8856.287179487179,2,109,562377751041,108,215,2,108,11230.019888634313
1,190,10733.095384615384,2,109,10735.458461538461,0,142,685677302273,141,216,0,141,11285.178462524414
0,142,13738.666666666666,2,109,13683.528205128205,1,191,874188348929,190,217,1,190,11287.420338166066
1,191,8918.514871794872,0,142,8916.151794871796,2,110,566210544129,109,218,2,109,11289.988167740259
1,191,10792.96,2,110,10795.58564102564,0,143,689509636609,142,219,0,142,11345.169854423326
0,143,13798.793846153847,2,110,13743.392820512821,1,192,878022136833,191,220,1,191,11347.413552355643
1,192,8978.379487179487,0,143,8976.278974358975,2,111,570042375169,110,221,2,110,11349.979908212514
1,192,10853.08717948718,2,111,10855.450256410257,0,144,693342944257,143,222,0,143,11405.18169499324
0,144,13858.658461538462,2,111,13803.52,1,193,881855563777,192,223,1,192,11407.355693328074
1,193,9038.506666666666,0,144,9036.14358974359,2,112,573875705345,111,224,2,111,11409.064670222357
1,193,10912.951794871795,2,112,10914.527179487179,0,145,697177558529,144,225,0,144,11465.160378715318
0,145,13918.78564102564,2,112,13862.596923076922,1,194,885685727233,193,226,1,193,11467.322970080255
1,194,9098.371282051283,0,145,9096.270769230769,2,113,577651081729,112,227,2,112,11470.04935121194
1,194,10972.81641025641,2,113,10975.704615384615,0,146,701010054145,145,228,0,145,11525.07387798603
0,146,13978.650256410256,2,113,13923.511794871794,1,195,889517496833,194,229,1,194,11527.274918557192
1,195,9158.235897435898,0,146,9156.135384615385,2,114,581547858433,113,230,2,113,11528.988776839818
1,195,11032.94358974359,2,114,11034.518974358974,0,147,704838384641,146,231,0,146,11584.993587411733
0,147,14038.514871794872,2,114,13982.588717948718,1,196,893348286977,195,232,1,195,11587.242123428736
1,196,9218.363076923077,0,147,9216.0,2,115,585313948161,114,233,2,114,11588.980269290241
1,196,11092.808205128205,2,115,11094.646153846154,0,148,708667111937,147,234,0,147,11644.963224800307
0,148,14098.379487179487,2,115,14042.453333333333,1,197,897180051969,196,235,1,196,11647.124272335739
1,197,9278.227692307692,0,148,9276.12717948718,2,116,589147262465,115,236,2,115,11648.951048646584
1,197,11152.67282051282,2,116,11154.510769230768,0,149,712499029505,148,237,0,148,11704.931772492237
0,149,14158.506666666666,2,116,14102.580512820512,1,198,901006382081,197,238,1,197,11707.065395726913
1,198,9338.092307692308,0,149,9335.991794871796,2,117,592979253249,116,239,2,116,11708.931675884542
1,198,11212.537435897435,2,117,11214.375384615385,0,150,716330877441,149,240,0,149,11764.918565219978
0,150,14218.371282051283,2,117,14162.445128205129,1,199,904836480513,198,241,1,198,11767.029732024363
1,199,9398.219487179487,0,150,9395.85641025641,2,118,596811873281,117,242,2,117,11768.926269484298
1,199,11272.664615384616,2,118,11274.502564102564,0,151,720163891201,150,243,0,150,11824.901255508816
0,151,14278.498461538462,2,118,14222.572307692308,1,200,908668062209,199,244,1,199,11826.974252945336
1,200,9458.084102564102,0,151,9455.98358974359,2,119,600645385729,118,245,2,118,11828.986103546926
1,200,11332.52923076923,2,119,11334.629743589743,0,152,723996642817,151,246,0,151,11884.865420328777
0,152,14338.363076923077,2,119,14282.436923076923,1,201,912498377729,200,247,1,200,11886.941682128905
1,201,9517.948717948719,0,152,9515.848205128204,2,120,604483066881,119,248,2,119,11888.92674681052
1,201,11392.393846153846,2,120,11394.49435897436,0,153,727828210689,152,249,0,152,11944.829857522036
0,153,14398.490256410256,2,120,14342.564102564103,1,202,916330157057,201,250,1,201,11946.878847171098
1,202,9578.075897435898,0,153,9575.975384615385,2,121,608313132033,120,251,2,120,11948.919169264573
1,202,11452.521025641026,2,121,11454.358974358975,0,154,731659795969,153,252,0,153,12004.784286858976
0,154,14458.354871794872,2,121,14402.428717948718,1,203,920160002561,202,253,1,202,12006.851332366161
1,203,9637.940512820513,0,154,9635.84,2,122,612146505729,121,254,2,121,12008.919716530825
1,203,11512.385641025641,2,122,11514.486153846154,0,155,735490741761,154,255,0,154,12064.846159902718
0,155,14518.482051282052,2,122,14462.555897435897,1,204,923992104961,203,256,1,203,12066.817127544695
1,204,9697.805128205127,0,155,9695.96717948718,2,123,615980398593,122,257,2,122,12068.881602188503
1,204,11572.250256410256,2,123,11574.350769230768,0,156,739328552961,155,258,0,155,12124.799275356196
0,156,14578.346666666666,2,123,14522.420512820512,1,205,927823779841,204,259,1,204,12126.765542618188
1,205,9757.932307692308,0,156,9755.831794871794,2,124,619811821057,123,260,2,123,12128.873135282076
1,205,11632.377435897435,2,124,11634.47794871795,0,157,743159414785,156,261,0,156,12184.685323282876
0,157,14638.211282051281,2,124,14582.285128205129,1,206,931654344193,205,262,1,205,12186.683252344377
1,206,9817.796923076923,0,157,9815.69641025641,2,125,623645137921,124,263,2,124,12188.924996807393
1,206,11692.242051282052,2,125,11694.342564102564,0,158,746985991169,157,264,0,157,12244.652477041393
0,158,14698.075897435898,2,125,14642.412307692308,1,207,935482946561,206,265,1,206,12246.64089069073
1,207,9877.661538461538,0,158,9875.82358974359,2,126,627482309633,125,266,2,125,12248.953589321038
1,207,11752.106666666667,2,126,11754.469743589743,0,159,750817750017,158,267,0,158,12304.62140188364
0,159,14758.203076923077,2,126,14702.539487179487,1,208,939314100225,207,268,1,207,12306.593664769884
1,208,9937.788717948719,0,159,9935.688205128205,2,127,631317994497,126,269,2,126,12308.870811579778
1,208,11812.233846153846,2,127,11814.334358974358,0,160,754649622017,159,270,0,159,12364.593475513946
0,160,14818.067692307692,2,127,14762.404102564102,1,209,943144943105,208,271,1,208,12366.546479116587
1,209,9997.653333333334,0,160,9995.552820512821,2,128,635146563073,127,272,2,127,12368.87575810359
1,209,11872.098461538462,2,128,11874.461538461539,0,161,758481695233,160,273,0,160,12424.581270689352
0,161,14878.194871794873,2,128,14822.531282051283,1,210,946975788545,209,274,1,209,12426.498772598658
1,210,10057.517948717948,0,161,10055.68,2,129,638980737025,128,275,2,128,12428.84158635066
1,210,11931.963076923077,2,129,11934.326153846154,0,162,762314772993,161,276,0,161,12484.542583086062
0,162,14938.059487179487,2,129,14882.395897435897,1,211,950806600705,210,277,1,210,12486.451835201948
1,211,10117.645128205128,0,162,10115.544615384615,2,130,642812411393,129,278,2,129,12488.823055607721
1,211,11992.090256410256,2,130,11994.453333333333,0,163,766146158593,162,279,0,162,12544.512814205853
0,163,14997.924102564102,2,130,14942.260512820512,1,212,954637462017,211,280,1,211,12547.41903141902
1,212,10178.56,0,163,10175.671794871794,2,131,646645085185,130,281,2,130,12548.819380712266
1,212,12053.005128205128,2,131,12054.31794871795,0,164,769978114049,163,282,0,163,12604.519399382763
0,164,15058.051282051281,2,131,15002.387692307691,1,213,958533124097,212,283,1,212,12607.418488409581
1,213,10238.424615384616,0,164,10235.53641025641,2,132,650478708225,131,284,2,131,12608.89217200646
1,213,12112.869743589743,2,132,12114.445128205129,0,165,773812392449,164,285,0,164,12664.543276257638
0,165,15118.178461538462,2,132,15062.514871794872,1,214,962366949889,213,286,1,213,12667.41214421199
1,214,10298.551794871795,0,165,10295.66358974359,2,133,654317217281,132,287,2,132,12668.83345703125
1,214,12172.996923076924,2,133,12174.309743589743,0,166,777647775745,165,288,0,165,12724.506872762046
0,166,15178.043076923077,2,133,15122.379487179487,1,215,966200404993,214,289,1,214,12727.353260012896
1,215,10358.41641025641,0,166,10355.528205128205,2,134,658147323393,133,290,2,133,12728.818732471955
1,215,12232.861538461539,2,134,12234.436923076923,0,167,781479307265,166,291,0,166,12784.424267562474
0,167,15237.907692307692,2,134,15182.244102564102,1,216,970030502913,215,292,1,215,12787.31995268993
1,216,10418.281025641025,0,167,10415.392820512821,2,135,661980240385,134,293,2,134,12788.81102722168
1,216,12292.988717948718,2,135,12294.30153846154,0,168,785307886593,167,294,0,167,12844.349274495442
0,168,15297.772307692308,2,135,15242.371282051283,1,217,973862235137,216,295,1,216,12847.274281663162
1,217,10478.408205128206,0,168,10475.52,2,136,665813605889,135,296,2,135,12848.773073558317
1,217,12352.853333333333,2,136,12354.428717948718,0,169,789136952321,168,297,0,168,12904.31846413637
0,169,15357.899487179488,2,136,15302.235897435898,1,218,977693177345,217,298,1,217,12906.218964640299
1,218,10537.222564102563,0,169,10535.384615384615,2,137,669645038593,136,299,2,136,12908.765392362155
1,218,12411.667692307692,2,137,12414.293333333333,0,170,792968841217,169,300,0,169,12964.285362157578
0,170,15417.764102564102,2,137,15362.363076923077,1,219,981459605505,218,301,1,218,12967.122170535356
1,219,10598.137435897435,0,170,10595.24923076923,2,138,673478405633,137,302,2,137,12968.786629466522
1,219,12472.582564102564,2,138,12474.420512820512,0,171,796800583681,170,303,0,170,13024.270729651817
0,171,15477.891282051281,2,138,15422.227692307692,1,220,985351178753,219,304,1,219,13027.063206192408
1,220,10658.002051282052,0,171,10655.376410256411,2,139,677313620481,138,305,2,138,13028.84553507487
1,220,12532.709743589743,2,139,12534.285128205129,0,172,800633506305,171,306,0,171,13084.2508009534
0,172,15537.755897435898,2,139,15482.354871794872,1,221,989181271553,220,307,1,220,13087.025708602516
1,221,10718.129230769231,0,172,10715.241025641026,2,140,681151242241,139,308,2,139,13088.775482365534
1,221,12592.57435897436,2,140,12594.412307692308,0,173,804466090497,172,309,0,172,13144.200415305113
0,173,15597.620512820513,2,140,15542.219487179487,1,222,993012736001,221,310,1,221,13146.973387012971
1,222,10777.993846153846,0,173,10775.368205128205,2,141,684980623873,140,311,2,140,13148.766014482546
1,222,12652.438974358975,2,141,12654.276923076923,0,174,808296728577,173,312,0,173,13204.18756983048
0,174,15657.747692307692,2,141,15602.346666666666,1,223,996843253249,222,313,1,222,13206.940111991687
1,223,10838.121025641025,0,174,10835.23282051282,2,142,688813876737,141,314,2,141,13208.752588626176
1,223,12712.566153846154,2,142,12714.404102564102,0,175,812129765377,174,315,0,174,13264.157208408455
0,175,15717.612307692307,2,142,15662.211282051281,1,224,1000674987521,223,316,1,223,13266.877245921598
1,224,10897.985641025642,0,175,10895.097435897436,2,143,692646876673,142,317,2,142,13268.715260275818
1,224,12772.430769230768,2,143,12774.268717948718,0,176,815961682945,175,318,0,175,13324.191294039214
0,176,15777.739487179488,2,143,15722.338461538462,1,225,1004504830977,224,319,1,224,13326.842560487406
1,225,10957.850256410256,0,176,10955.224615384615,2,144,696478349313,143,320,2,143,13328.706570121569
1,225,12832.295384615385,2,144,12834.133333333333,0,177,819797718529,176,321,0,176,13384.147439356097
0,177,15837.604102564103,2,144,15782.203076923077,1,226,1008336475137,225,322,1,225,13386.795607659755
1,226,11017.977435897435,0,177,11015.08923076923,2,145,700311651841,144,323,2,144,13388.777078403571
1,226,12892.422564102564,2,145,12894.260512820512,0,178,823628773889,177,324,0,177,13444.069073188977
0,178,15897.731282051282,2,145,15842.330256410256,1,227,1012167335425,226,325,1,226,13446.745730230869
1,227,11077.842051282052,0,178,11075.216410256411,2,146,704150014977,145,326,2,145,13448.774165477265
1,227,12952.287179487179,2,146,12954.387692307691,0,179,827457624065,178,327,0,178,13504.00145233937
0,179,15957.595897435898,2,146,15902.194871794873,1,228,1015998008833,227,328,1,227,13506.676790301983
1,228,11137.706666666667,0,179,11135.081025641026,2,147,707983686657,146,329,2,146,13508.714289535132
1,228,13012.151794871796,2,147,13014.252307692308,0,180,831287160833,179,330,0,179,13563.972894099308
0,180,16017.460512820513,2,147,15962.322051282052,1,229,1019827464193,228,331,1,228,13566.631199747724
1,229,11197.571282051282,0,180,11194.94564102564,2,148,711813718529,147,332,2,147,13568.706104110326
1,229,13072.278974358975,2,148,13074.379487179487,0,181,835119193601,180,333,0,180,13623.938911085865
0,181,16077.587692307692,2,148,16022.186666666666,1,230,1023658411521,229,334,1,229,13626.586178135018
1,230,11257.69846153846,0,181,11255.07282051282,2,149,715647053313,148,335,2,148,13628.68194936899
1,230,13132.14358974359,2,149,13134.244102564102,0,182,838950879745,181,336,0,181,13683.930801626353
0,182,16137.452307692307,2,149,16082.313846153846,1,231,1027489395201,230,337,1,230,13686.54065977439
1,231,11317.563076923077,0,182,11314.937435897436,2,150,719479367681,149,338,2,149,13688.656408331455
1,231,13192.008205128204,2,150,13194.108717948719,0,183,842784219137,182,339,0,182,13743.89514402732
0,183,16197.316923076924,2,150,16142.178461538462,1,232,1031320347137,231,340,1,231,13746.495285691482
1,232,11377.690256410257,0,183,11375.064615384616,2,151,723311593473,150,341,2,150,13748.64894423265
1,232,13252.135384615385,2,151,13254.235897435898,0,184,846615798273,183,342,0,183,13803.875977016352
0,184,16257.444102564103,2,151,16202.305641025641,1,233,1035151308289,232,343,1,232,13806.44935872396
1,233,11437.554871794871,0,184,11434.92923076923,2,152,727144974337,151,344,2,151,13808.724501045424
1,233,13312.0,2,152,13314.363076923077,0,185,850448431105,184,345,0,184,13863.846160826073
0,185,16317.308717948717,2,152,16262.170256410256,1,234,1038982234113,233,346,1,233,13866.403936642379
1,234,11497.419487179488,0,185,11494.793846153847,2,153,730983660033,152,347,2,152,13868.65305474697
1,234,13371.864615384615,2,153,13374.227692307692,0,186,854280383489,185,348,0,185,13923.794485770984
0,186,16377.435897435897,2,153,16322.297435897435,1,235,1042813192193,234,349,1,234,13926.360133087943
1,235,11557.546666666667,0,186,11554.921025641026,2,154,734812952577,153,350,2,153,13927.637274169923
1,235,13431.991794871796,2,154,13433.304615384615,0,187,858110939137,186,351,0,186,13983.826793150292
0,187,16437.30051282051,2,154,16381.111794871795,1,236,1046644253697,235,352,1,235,13986.359727000701
1,236,11617.411282051282,0,187,11614.78564102564,2,155,738581904385,154,353,2,154,13987.642614777396
1,236,13491.85641025641,2,155,13493.16923076923,0,188,861946861057,187,354,0,187,14043.806536473985
0,188,16497.427692307694,2,155,16441.238974358974,1,237,1050478088193,236,355,1,236,14046.353102870846
1,237,11677.538461538461,0,188,11674.91282051282,2,156,742416103425,155,356,2,155,14048.606392431015
1,237,13551.98358974359,2,156,13554.084102564102,0,189,865779424257,188,357,0,188,14103.695125982824
0,189,16557.292307692307,2,156,16502.153846153848,1,238,1054311525377,237,358,1,237,14106.293946846206
1,238,11737.403076923078,0,189,11734.777435897437,2,157,746311544321,156,359,2,156,14107.601773634691
1,238,13611.848205128204,2,157,13613.161025641026,0,190,869606162945,189,360,0,189,14163.662657940204
0,190,16617.156923076924,2,157,16561.23076923077,1,239,1058141605889,238,361,1,238,14166.261625820061
1,239,11797.267692307692,0,190,11794.642051282051,2,158,750081209345,157,362,2,157,14167.71908541166
1,239,13671.712820512821,2,158,13673.288205128205,0,191,873437945857,190,363,0,190,14223.628451240736
0,191,16677.284102564103,2,158,16621.35794871795,1,240,1061973401089,239,364,1,239,14226.215466574646
1,240,11857.394871794872,0,191,11854.76923076923,2,159,753922563073,158,365,2,158,14227.716774041593
1,240,13731.84,2,159,13733.15282051282,0,192,877269617665,191,366,0,191,14283.59680844038
0,192,16737.14871794872,2,159,16681.222564102565,1,241,1065804312065,240,367,1,240,14286.180517405977
1,241,11917.259487179486,0,192,11914.633846153845,2,160,757756273153,159,368,2,159,14287.600712765427
1,241,13791.704615384615,2,160,13793.017435897436,0,193,881101453313,192,369,0,192,14343.58697677221
0,193,16797.013333333332,2,160,16741.08717948718,1,242,1069635939329,241,370,1,241,14346.076137241464
1,242,11977.124102564103,0,193,11974.761025641026,2,161,761582714881,160,371,2,160,14347.581942874225
1,242,13851.569230769232,2,161,13853.144615384615,0,194,884934682625,193,372,0,193,14403.561656306341
0,194,16857.14051282051,2,161,16801.214358974357,1,243,1073463130113,242,373,1,242,14406.016228230794
1,243,12036.988717948718,0,194,12034.625641025641,2,162,765415373313,161,374,2,161,14407.576698905752
1,243,13911.433846153846,2,162,13913.00923076923,0,195,888766922241,194,375,0,194,14463.516904719429
0,195,16917.005128205128,2,162,16861.078974358974,1,244,1077293162497,243,376,1,243,14465.98135106796
1,244,12097.115897435897,0,195,12094.490256410256,2,163,769248896001,162,377,2,162,14467.582488544173
1,244,13971.561025641025,2,163,13973.13641025641,0,196,892597920257,195,378,0,195,14523.485053804838
0,196,16977.132307692307,2,163,16921.206153846153,1,245,1081124794369,244,379,1,244,14525.937780339169
1,245,12156.980512820513,0,196,12154.617435897437,2,164,773083123713,163,380,2,163,14527.61523320125
1,245,14031.42564102564,2,164,14033.26358974359,0,197,896429742593,196,381,0,196,14583.476279844628
0,197,17036.996923076924,2,164,16981.07076923077,1,246,1084955870721,245,382,1,245,14585.894802371295
1,246,12216.845128205128,0,197,12214.482051282052,2,165,776919073793,164,383,2,164,14587.568867625701
1,246,14091.552820512821,2,165,14093.128205128205,0,198,900263039489,197,384,0,197,14643.50989372058
0,198,17097.124102564103,2,165,17041.19794871795,1,247,1088786984961,246,385,1,246,14645.830438498473
1,247,12276.972307692307,0,198,12274.60923076923,2,166,780749968897,165,386,2,165,14647.570034007538
1,247,14151.417435897436,2,166,14152.99282051282,0,199,904099044865,198,387,0,198,14703.471248231548
0,199,17156.98871794872,2,166,17101.062564102565,1,248,1092616732673,247,388,1,247,14705.795200915214
1,248,12336.836923076922,0,199,12334.473846153845,2,167,784583901185,166,389,2,166,14707.543997035882
1,248,14211.28205128205,2,167,14213.12,0,200,907930433025,199,390,0,199,14763.397618783805
0,200,9.452307692307691,2,167,17161.189743589744,1,249,1096448341505,248,391,1,248,14765.749715153623
1,249,12396.701538461539,0,200,12394.338461538462,2,168,788416095233,167,392,2,167,14767.52410583496
1,249,14271.40923076923,2,168,14272.984615384616,0,201,911759585793,200,393,0,200,14823.31765911396
0,201,69.57948717948717,2,168,13.653333333333332,1,250,767667713,249,394,1,249,14825.70460582244
1,250,12456.828717948718,0,201,12454.465641025641,2,169,792248681985,168,395,2,168,14827.496978994517
1,250,14331.273846153847,2,169,14333.111794871795,0,202,915588334081,201,396,0,201,14883.285985060473
0,202,129.44410256410256,2,169,73.51794871794871,1,251,4598645761,250,397,1,250,14885.63464094113
1,251,12516.693333333333,0,202,12514.330256410256,2,170,796080806401,169,398,2,169,14887.488882868842
1,251,14391.138461538461,2,170,14392.97641025641,0,203,919420167681,202,399,0,202,14943.25644201034
0,203,189.30871794871794,2,170,133.6451282051282,1,252,8428035585,251,400,1,251,14945.586414810572
1,252,12576.55794871795,0,203,12574.194871794873,2,171,799914146817,170,401,2,170,14947.51397576748
1,252,14451.003076923076,2,171,14453.10358974359,0,204,923252137473,203,402,0,203,15003.251482559597
0,204,249.43589743589743,2,171,193.7723076923077,1,253,12258814465,252,403,1,252,15005.539582973382
1,253,12636.685128205128,0,204,12634.322051282052,2,172,803749607937,171,404,2,171,15007.57065517328
1,253,14511.130256410257,2,172,14513.23076923077,0,205,927085678081,204,405,0,204,15063.22482434395
0,205,309.30051282051284,2,172,253.63692307692307,1,254,16089682433,253,406,1,253,15065.493504388272
1,254,12696.549743589743,0,205,12694.186666666666,2,173,807587087361,172,407,2,172,15067.49904943222
1,254,14570.994871794872,2,173,14573.095384615384,0,206,930917832193,205,408,0,205,15123.188975329278
0,206,369.4276923076923,2,173,313.5015384615385,1,255,19920598529,254,409,1,254,15125.448515531101
1,255,12756.41435897436,0,206,12754.313846153846,2,174,811416369665,173,410,2,173,15127.485993480193
1,255,14631.122051282051,2,174,14632.96,0,207,934749399041,206,411,0,206,15183.153174767129
0,207,429.2923076923077,2,174,373.62871794871796,1,256,23751584257,255,412,1,255,15185.403502729368
1,256,12816.541538461539,0,207,12814.178461538462,2,175,815249393153,174,413,2,174,15187.47368273613
1,256,14690.986666666666,2,175,14693.08717948718,0,208,938580968961,207,414,0,207,15243.14674906413
0,208,489.1569230769231,2,175,433.49333333333334,1,257,27582568449,256,415,1,256,15245.376270282453
1,257,12876.406153846154,0,208,12874.305641025641,2,176,819082464257,175,416,2,175,15247.438679809573
1,257,14750.851282051282,2,176,14752.951794871795,0,209,942414415873,208,417,0,208,15303.114241583411
0,209,549.2841025641026,2,176,493.62051282051283,1,258,31414688769,257,418,1,257,15305.376553970731
1,258,12936.533333333333,0,209,12934.170256410256,2,177,822914085377,176,419,2,176,15307.429758660732
1,258,14810.978461538461,2,177,14813.078974358974,0,210,946246196225,209,420,0,209,15363.06767992851
0,210,609.148717948718,2,177,553.4851282051281,1,259,35248567297,258,421,1,258,15365.366084391277
1,259,12996.39794871795,0,210,12994.034871794871,2,178,826747373057,177,422,2,177,15367.504451121797
1,259,14870.843076923076,2,178,14872.94358974359,0,211,950077078529,210,423,0,210,15423.082696611455
0,211,669.2758974358975,2,178,613.6123076923077,1,260,39081758721,259,424,1,259,15425.305751092375
1,260,13056.262564102564,0,211,13054.162051282052,2,179,830586003457,178,425,2,178,15427.499328222031
1,260,14930.970256410257,2,179,14933.07076923077,0,212,953911895553,211,426,0,211,15483.038442398465
0,212,729.1405128205129,2,179,673.7394871794871,1,261,42911763969,260,427,1,260,15485.273086156601
1,261,13116.389743589743,0,212,13114.026666666667,2,180,834419533825,179,428,2,179,15487.437226046051
1,261,14990.834871794872,2,180,14992.935384615384,0,213,957742925313,212,429,0,212,15542.957802249224
0,213,789.0051282051282,2,180,733.6041025641026,1,262,46743537153,261,430,1,261,15545.228498128257
1,262,13176.254358974358,0,213,13174.153846153846,2,181,838249423361,180,431,2,180,15547.428224831605
1,262,15050.699487179487,2,181,15053.062564102564,0,214,961571630081,213,432,0,213,15602.913564390525
0,214,849.1323076923077,2,181,793.468717948718,1,263,50574548481,262,433,1,262,15605.193076703978
1,263,13236.38153846154,0,214,13234.018461538462,2,182,842082705921,181,434,2,181,15607.407725219728
1,263,15110.826666666666,2,182,15112.92717948718,0,215,965402660865,214,435,0,214,15662.910031503532
0,215,908.996923076923,2,182,853.5958974358974,1,264,54406145537,263,436,1,263,15665.059290114183
1,264,13296.246153846154,0,215,13293.883076923077,2,183,845915253761,182,437,2,182,15667.379028774165
1,264,15170.691282051283,2,183,15173.05435897436,0,216,969236292609,215,438,0,215,15722.862476352791
0,216,969.1241025641026,2,183,913.4605128205128,1,265,58231457281,264,439,1,264,15725.016729501578
1,265,13356.110769230769,0,216,13354.010256410256,2,184,849747277825,183,440,2,183,15727.378553357248
1,265,15230.555897435897,2,184,15232.918974358974,0,217,973067111425,216,441,0,216,15782.833639182067
0,217,1028.988717948718,2,184,973.5876923076924,1,266,62062598145,265,442,1,265,15784.979080654048
1,266,13415.975384615385,0,217,13413.874871794871,2,185,853581105153,184,443,2,184,15787.447028119994
1,266,15290.420512820512,2,185,15293.046153846153,0,218,976899126273,217,444,0,217,15842.824064878809
0,218,1088.8533333333332,2,185,1033.4523076923076,1,267,65894052865,266,445,1,266,15844.934116148339
1,267,13476.102564102564,0,218,13474.002051282052,2,186,857419338241,185,446,2,185,15847.382218033228
1,267,15350.547692307693,2,186,15352.91076923077,0,219,980732371969,218,447,0,218,15902.888056327625
0,219,1148.9805128205128,2,186,1093.5794871794872,1,268,69725040129,267,448,1,267,15904.898807106998
1,268,13535.96717948718,0,219,13533.866666666667,2,187,861249054721,186,449,2,186,15907.367247392704
1,268,15410.412307692308,2,187,15413.037948717949,0,220,984570318337,219,450,0,219,15962.859131015877
0,220,1209.1076923076923,2,187,1153.4441025641026,1,269,73556644353,268,451,1,268,15964.829499809071
1,269,13595.831794871794,0,220,13593.993846153846,2,188,865081955841,187,452,2,187,15967.366347499752
1,269,15470.276923076923,2,188,15472.902564102564,0,221,988402327553,220,453,0,220,16022.78381184896
0,221,1268.9723076923076,2,188,1213.571282051282,1,270,77386076161,269,454,1,269,16024.79390236879
1,270,13655.958974358975,0,221,13653.85846153846,2,189,868915756033,188,455,2,188,16027.329029337565
1,270,15530.404102564102,2,189,15532.76717948718,0,222,992231372289,221,456,0,221,16082.66551158416
0,222,1328.836923076923,2,189,1273.4358974358975,1,271,81217661953,270,457,1,270,16084.734242428513
1,271,13715.82358974359,0,222,13713.723076923077,2,190,872747229185,189,458,2,189,16087.320477404472
1,271,15590.268717948718,2,190,15592.89435897436,0,223,996057670657,222,459,0,222,16142.63326131185
0,223,1388.7015384615383,2,190,1333.563076923077,1,272,85047710209,271,460,1,271,16144.694758754635
1,272,13775.688205128205,0,223,13773.587692307692,2,191,876580540417,190,461,2,190,16147.384185008515
1,272,15650.133333333333,2,191,15653.021538461539,0,224,999889467393,223,462,0,223,16202.60212496244
0,224,1448.828717948718,2,191,1393.4276923076923,1,273,88879047681,272,463,1,272,16204.628897360777
1,273,13835.815384615385,0,224,13833.714871794871,2,192,880418468865,191,464,2,191,16207.39530426808
1,273,15710.260512820512,2,192,15712.886153846153,0,225,1003721335297,224,465,0,224,16262.594786376954
0,225,1508.6933333333334,2,192,1453.5548717948718,1,274,92708699649,273,466,1,273,16264.583996769834
1,274,13895.68,0,225,13893.579487179488,2,193,884253037057,192,467,2,192,16267.319500888923
1,274,15770.125128205129,2,193,15772.75076923077,0,226,1007554723841,225,468,0,225,16322.559755624625
0,226,1568.820512820513,2,193,1513.419487179487,1,275,96539691009,274,469,1,274,16324.538303441757
1,275,13955.544615384615,0,226,13953.706666666667,2,194,888082051073,193,470,2,193,16327.306373619667
1,275,15829.989743589744,2,194,15832.877948717949,0,227,1011386342913,226,471,0,226,16382.518523293522
0,227,1628.6851282051282,2,194,1573.5466666666666,1,276,100370631681,275,472,1,275,16384.492738350113
1,276,14015.671794871794,0,227,14013.571282051282,2,195,891915069953,194,473,2,194,16387.27837438339
1,276,15890.116923076923,2,195,15892.742564102564,0,228,1015217565697,227,474,0,227,16442.51068002554
0,228,1688.5497435897437,2,195,1633.4112820512821,1,277,104201580545,276,475,1,276,16444.447165010894
1,277,14075.53641025641,0,228,14073.69846153846,2,196,895747138561,195,476,2,195,16447.27001486754
1,277,15949.981538461538,2,196,15952.869743589743,0,229,1019050921985,228,477,0,228,16502.472965260044
0,229,1748.676923076923,2,196,1693.2758974358974,1,278,108032528897,277,478,1,277,16504.406880227114
1,278,14135.401025641026,0,229,14133.563076923077,2,197,899580462081,196,479,2,196,16507.269243508366
1,278,16009.846153846154,2,197,16012.73435897436,0,230,1022882369537,229,480,0,229,16562.50351953751
0,230,1808.5415384615385,2,197,1753.403076923077,1,279,111863815169,278,481,1,278,16565.382555980195
1,279,14196.578461538462,0,230,14193.690256410257,2,198,903414270465,197,482,2,197,16567.33830391126
1,279,16071.02358974359,2,198,16072.861538461539,0,231,1026718179329,230,483,0,230,16622.458072462818
0,231,1868.668717948718,2,198,1813.5302564102565,1,280,115760018945,279,484,1,279,16624.370525575298
1,280,14255.392820512821,0,231,14253.554871794871,2,199,907252540929,198,485,2,198,16627.353173577725
1,280,16129.837948717948,2,199,16132.988717948718,0,232,1030549132801,231,486,0,231,16682.380525857
0,232,1928.5333333333333,2,199,1873.3948717948717,1,281,119529212929,280,487,1,280,16684.336130386746
1,281,14315.52,0,232,14313.419487179488,2,200,911087348737,199,488,2,199,16686.269005314753
1,281,16189.965128205129,2,200,16191.803076923077,0,233,1034378035201,232,489,0,232,16742.322130095654
0,233,1988.3979487179488,2,200,1932.4717948717948,1,282,123360875521,281,490,1,281,16744.296791209686
1,282,14375.384615384615,0,233,14373.284102564103,2,201,914851930625,200,491,2,200,16746.2491396234
1,282,16249.829743589744,2,201,16251.667692307692,0,234,1038208161281,233,492,0,233,16802.290841815655
0,234,2048.525128205128,2,201,1992.3364102564103,1,283,127192222209,282,493,1,282,16804.259142769057
1,283,14435.24923076923,0,234,14433.411282051282,2,202,918684518913,201,494,2,201,16806.222463018956
1,283,16309.694358974359,2,202,16311.794871794871,0,235,1042040019457,234,495,0,234,16862.26352775378
0,235,2108.3897435897434,2,202,2052.4635897435896,1,284,131023676929,283,496,1,283,16864.219891905173
1,284,14495.376410256411,0,235,14493.275897435897,2,203,922516672001,202,497,2,202,16866.212036586665
1,284,16369.821538461538,2,203,16371.659487179488,0,236,1045872131585,235,498,0,235,16922.24626181578
0,236,2168.254358974359,2,203,2112.328205128205,1,285,134855029249,284,499,1,284,16924.101947115385
1,285,14555.241025641026,0,236,14553.403076923078,2,204,926349863425,203,500,2,203,16926.246650093275
1,285,16429.686153846153,2,204,16431.786666666667,0,237,1049704885761,236,501,0,236,16982.219685042946
0,237,2228.3815384615386,2,204,2172.4553846153844,1,286,138681353217,285,502,1,285,16984.05933091384
1,286,14615.10564102564,0,237,14613.267692307692,2,205,930185932801,204,503,2,204,16986.303579273714
1,286,16489.55076923077,2,205,16491.913846153846,0,238,1053537044993,237,504,0,237,17042.19826847957
0,238,2288.246153846154,2,205,2232.32,1,287,142512490497,286,505,1,286,17045.022330478765
1,287,14676.020512820513,0,238,14673.394871794872,2,206,934023428097,205,506,2,205,17046.212888418344
1,287,16550.46564102564,2,206,16551.778461538463,0,239,1057369533953,238,507,0,238,17102.15928789188
0,239,2348.3733333333334,2,206,2292.4471794871797,1,288,146407884289,287,508,1,287,17104.957631100388
1,288,14736.147692307692,0,239,14733.259487179486,2,207,937851490817,206,509,2,206,17106.209785735304
1,288,16610.592820512822,2,207,16611.643076923076,0,240,1061200900609,239,510,0,239,17162.123736807018
0,240,2408.2379487179487,2,207,2352.311794871795,1,289,150237610497,288,511,1,288,17164.92804351024
1,289,14796.012307692308,0,240,14793.124102564103,2,208,941685150209,207,512,2,207,17166.197027713093
1,289,16670.457435897435,2,208,16671.770256410255,0,241,1065032486401,240,513,0,240,17222.16575793144
0,241,2468.3651282051283,2,208,2412.4389743589745,1,290,154069580289,289,514,1,289,17224.88226224459
1,290,14855.876923076923,0,241,14853.251282051282,2,209,945518192641,208,515,2,208,17226.16114465958
1,290,16730.32205128205,2,209,16731.63487179487,0,242,1068869028865,241,516,0,241,17282.139678156927
0,242,2528.2297435897435,2,209,2472.30358974359,1,291,157900515329,290,517,1,290,17284.8269137182
1,291,14916.004102564102,0,242,14913.115897435897,2,210,949349757441,209,518,2,209,17286.152408979367
1,291,16790.44923076923,2,210,16791.76205128205,0,243,1072701219841,242,519,0,242,17342.03493650779
0,243,2588.094358974359,2,210,2532.168205128205,1,292,161730839041,291,520,1,291,17344.79001068898
1,292,14975.868717948719,0,243,14972.980512820513,2,211,953183056897,210,521,2,210,17346.230860877404
1,292,16850.313846153847,2,211,16851.88923076923,0,244,1076528384513,243,522,0,243,17401.979457741763
0,244,2648.2215384615383,2,211,2592.2953846153846,1,293,165562341377,292,523,1,292,17404.726240656928
1,293,15035.733333333334,0,244,15033.107692307693,2,212,957021927425,211,524,2,211,17406.231764604618
1,293,16910.17846153846,2,212,16911.753846153846,0,245,1080358696961,244,525,0,244,17461.95163118803
0,245,2708.086153846154,2,212,2652.422564102564,1,294,169392126977,293,526,1,293,17464.693255959537
1,294,15095.860512820513,0,245,15092.972307692307,2,213,960855842817,212,527,2,212,17466.155649554916
1,294,16970.30564102564,2,213,16971.618461538463,0,246,1084190776321,245,528,0,245,17521.917049967447
0,246,2767.9507692307693,2,213,2712.2871794871794,1,295,173223879681,294,529,1,294,17524.626889883188
1,295,15155.725128205127,0,246,15153.099487179486,2,214,964684836865,213,530,2,213,17526.137306596807
1,295,17030.170256410256,2,214,17031.74564102564,0,247,1088022424065,246,531,0,246,17581.885914290993
0,247,2828.077948717949,2,214,2772.1517948717947,1,296,177053499393,295,532,1,295,17584.580692107374
1,296,15215.589743589744,0,247,15212.964102564103,2,215,968517522433,214,533,2,214,17586.13130378919
1,296,17090.034871794873,2,215,17091.610256410255,0,248,1091854291969,247,534,0,247,17641.87502712152
0,248,2887.942564102564,2,215,2832.278974358974,1,297,180884407809,296,535,1,296,17644.535183590622
1,297,15275.716923076923,0,248,15272.828717948718,2,216,972350996481,215,536,2,215,17646.10299285106
1,297,17150.162051282052,2,216,17151.737435897438,0,249,1095687453697,248,537,0,248,17701.834732900767
0,249,2948.0697435897437,2,216,2892.14358974359,1,298,184715360257,297,538,1,297,17704.490492272012
1,298,15335.581538461538,0,249,15332.955897435897,2,217,976183045121,216,539,2,216,17706.192879372622
1,298,2.6256410256410256,2,217,4.463589743589743,0,250,7108609,249,540,0,249,17761.80590513572
0,250,3007.934358974359,2,217,2952.270769230769,1,299,188546364929,298,541,1,298,17764.444294558794
1,299,15395.446153846155,0,250,15392.820512820514,2,218,980022646273,217,542,2,217,17766.195113666243
1,299,62.49025641025641,2,218,64.32820512820513,0,251,3839123969,250,543,0,250,17821.795731091624
0,251,3068.0615384615385,2,218,3012.3979487179486,1,300,192377273345,299,544,1,299,17824.404026379707
1,300,15455.573333333334,0,251,15452.947692307693,2,219,983856646657,218,545,2,218,17826.098629870292
1,300,122.6174358974359,2,219,124.19282051282052,0,252,7672331265,251,546,0,251,17881.816879319413
0,252,3127.9261538461537,2,219,3072.2625641025643,1,301,196208560641,300,547,1,300,17884.379551454203
1,301,15515.437948717949,0,252,15512.812307692308,2,220,987684339201,219,548,2,219,17886.111377000077
1,301,182.4820512820513,2,220,184.32,0,253,11507539969,252,549,0,252,17941.78535135905
0,253,3187.790769230769,2,220,3132.1271794871795,1,302,200040857089,301,550,1,301,17944.379747940457
1,302,15575.565128205128,0,253,15572.939487179487,2,221,991519011329,220,551,2,220,17946.074244463016
1,302,242.60923076923078,2,221,244.1846153846154,0,254,15339382785,253,552,0,253,18001.712373015576
0,254,3247.9179487179485,2,221,3192.254358974359,1,303,203874729985,302,553,1,302,18004.3349608436
1,303,15635.429743589744,0,254,15632.804102564103,2,222,995350496257,221,554,2,221,18006.051767405974
1,303,302.4738461538461,2,222,304.31179487179486,0,255,19168577025,254,555,0,254,18061.64042032878
0,255,3307.7825641025643,2,222,3252.1189743589744,1,304,207705728513,303,556,1,303,18064.302080312875
1,304,15695.294358974359,0,255,15692.668717948718,2,223,999182917633,222,557,2,222,18066.042567482975
1,304,362.33846153846156,2,223,364.17641025641024,0,256,22997836801,255,558,0,255,18121.605783284507
0,256,3367.6471794871795,2,223,3312.246153846154,1,305,211537487873,304,559,1,304,18124.24149193397
1,305,15755.421538461538,0,256,15752.795897435897,2,224,1003016187393,223,560,2,223,18126.10599596855
1,305,422.46564102564105,2,224,424.3035897435897,0,257,26829480961,256,561,0,256,18181.574591987806
0,257,3427.774358974359,2,224,3372.3733333333334,1,306,215367476737,305,562,1,305,18184.217321542594
1,306,15815.286153846153,0,257,15812.660512820512,2,225,1006854097921,224,563,2,224,18186.106155207708
1,306,482.3302564102564,2,225,484.1682051282051,0,258,30661345281,257,564,0,257,18241.554330084386
0,258,3487.6389743589743,2,225,3432.2379487179487,1,307,219199792641,306,565,1,306,18244.110979457757
1,307,15875.15076923077,0,258,15872.525128205129,2,226,1010687965697,225,566,2,225,18246.0497840764
1,307,542.1948717948718,2,226,544.2953846153846,0,259,34493907969,258,567,0,258,18301.54366758689
0,259,3547.766153846154,2,226,3492.102564102564,1,308,223026857985,307,568,1,307,18304.05614458133
1,308,15935.015384615384,0,259,15932.652307692308,2,227,1014518221313,226,569,2,226,18306.041650093277
1,308,602.3220512820512,2,227,604.16,0,260,38327084033,259,570,0,259,18361.50059333997
0,260,3607.630769230769,2,227,3552.2297435897435,1,309,226857214465,308,571,1,308,18364.01920990773
1,309,15995.142564102563,0,260,15992.516923076922,2,228,1018351559169,227,572,2,227,18366.024029055865
1,309,662.1866666666666,2,228,664.2871794871795,0,261,42158189057,260,573,0,260,18421.4803314835
0,261,3667.4953846153844,2,228,3612.094358974359,1,310,230688714753,309,574,1,309,18423.957291338018
1,310,16055.00717948718,0,261,16052.644102564103,2,229,1022184290817,228,575,2,228,18425.992770197943
1,310,722.0512820512821,2,229,724.1517948717949,0,262,45990751745,261,576,0,261,18481.429324653822
0,262,3727.622564102564,2,229,3672.2215384615383,1,311,234518618625,310,577,1,310,18483.928914372373
1,311,16114.871794871795,0,262,16112.508717948718,2,230,1026016151041,229,578,2,229,18485.984540201825
1,311,782.1784615384615,2,230,784.0164102564103,0,263,49821349889,262,579,0,262,18541.485136797
0,263,3787.7497435897435,2,230,3732.086153846154,1,312,238350665729,311,580,1,311,18543.88537732247
1,312,16174.998974358974,0,263,16172.635897435897,2,231,1029849482753,230,581,2,230,18546.06013227414
1,312,842.0430769230769,2,231,844.1435897435897,0,264,53658773505,263,582,0,263,18601.443344648313
0,264,3847.6143589743588,2,231,3792.213333333333,1,313,242181744129,312,583,1,312,18603.82523758326
1,313,16234.86358974359,0,264,16232.500512820512,2,232,1033688170497,231,584,2,231,18606.082743655475
1,313,901.9076923076923,2,232,904.2707692307692,0,265,57489960449,264,585,0,264,18661.329693587868
0,265,3907.4789743589745,2,232,3852.3405128205127,1,314,246011761665,313,586,1,313,18663.786564221504
1,314,16294.728205128205,0,265,16292.365128205129,2,233,1037523472897,232,587,2,232,18665.973704567936
1,314,962.0348717948718,2,233,964.1353846153846,0,266,61316555777,265,588,0,265,18721.29523316995
0,266,3967.3435897435897,2,233,3912.2051282051284,1,315,249843150849,314,589,1,314,18723.732674560546
1,315,16354.855384615385,0,266,16352.492307692308,2,234,1041350363137,233,590,2,233,18725.979056333887
1,315,1021.8994871794872,2,234,1024.0,0,267,65148211201,266,591,0,266,18781.26455489721
0,267,4027.4707692307693,2,234,3972.0697435897437,1,316,253673567745,315,592,1,315,18783.670243373774
1,316,16414.72,0,267,16412.356923076924,2,235,1045184562689,234,593,2,234,18785.941427565354
1,316,1081.7641025641026,2,235,1084.1271794871795,0,268,68980108289,267,594,0,267,18841.23188161997
0,268,4087.3353846153846,2,235,4032.196923076923,1,317,257503438849,316,595,1,316,18843.625232043145
1,317,16474.584615384614,0,268,16472.221538461537,2,236,1049016015873,235,596,2,235,18845.93290132963
1,317,1141.8912820512821,2,236,1143.9917948717948,0,269,72811877889,268,597,0,268,18901.22917613494
0,269,4147.462564102564,2,236,4092.0615384615385,1,318,261334423041,317,598,1,317,18903.579571830556
1,318,16534.711794871793,0,269,16532.348717948717,2,237,1052849328641,236,599,2,236,18905.974679565432
1,318,1201.7558974358974,2,237,1204.1189743589744,0,270,76645562369,269,600,0,269,18961.19938742613
0,270,4207.32717948718,2,237,4152.188717948718,1,319,265165365761,318,601,1,318,18963.53364675669
1,319,16594.57641025641,0,270,16592.213333333333,2,238,1056685855745,237,602,2,237,18966.001225507687
